bd5a4e94-b052-47eb-8fdd-99585be56be7	Acid-Free Adhesive Dot Formulation	/objects/uploads/f0517b40-a28b-4580-93b4-9e3b040b1571?X-Goog-Algorithm=GOOG4-RSA-SHA256&X-Goog-Credential=heimdall-production%40replit-user-deployments.iam.gserviceaccount.com%2F20251206%2Fauto%2Fstorage%2Fgoog4_request&X-Goog-Date=20251206T091118Z&X-Goog-Expires=899&X-Goog-Signature=6b69931dd2a49964047bc2d03e56064f8b51c0af2aa57cdba5ae353604b1a0fb699edf8bad121c3b0945d8eb2b3d61f12cd5843d1d956506684b1bd818739027d7abc32ce908727944e78eb0149479f97ede4fc34a26be2f01c0957f0b913fccdc29ed2507e02cb934b25323e3d1f6fe1bf727b59a6722578c9fd51d374e2cbe4ac80d81cfc00079f40565a868698b534940cf67ad2407335f9698b22d4dc15a19754445bbbdb19f3ec2804784cec8ef44a9e69b23f711016a5022c3cb352040d0600a98522efe3e667ff3c1486242e252308d4cf355a8f3b7772e677c93e944605cb2b1915eb711bf1098915964a43eb6b45f2e90d82ad3450b96f3425e80b7&X-Goog-SignedHeaders=host
bce49ebf-8156-4cd3-a411-b3ec78e10486	Activated Charcoal Detoxifying Beard Cleanser Formulation	/objects/uploads/e67b0bf2-5638-4e8b-94ac-97972a9f8914?X-Goog-Algorithm=GOOG4-RSA-SHA256&X-Goog-Credential=heimdall-production%40replit-user-deployments.iam.gserviceaccount.com%2F20251206%2Fauto%2Fstorage%2Fgoog4_request&X-Goog-Date=20251206T091330Z&X-Goog-Expires=899&X-Goog-Signature=73e1d128659931a387e3d57c114e610b24b291b1d2ffb71888b6910f9216ce4c0a51291e17ba01c94a977b606a589e7ce52029906616cd4d6184c4c46734f3b96722b379d25d72aaab98026ae1979bd4a02560f8ef1d2f07bf0019549882f574a3caafd83f70b1b2d6404281c22b0d66ec24254621ae8b875a2f3f5541a8f0f77864e8f04c9c92e1f5570cf9fb01984fb9da343ae56c64990d44a01e84d4d289577815bc6784f759fde96726392ed2eb3a5f5c818b66d591934c02a98652d0411fbe3d4a14044e581a9e949bad16941d2f8cbe95b2d6567c086e8a370e675e19e4153ade79809f2fafd97c1e53f2ef5c466d2b1993b7d411b69fd969b6daa6d4&X-Goog-SignedHeaders=host
64077845-362f-418b-8f93-de97625fb7ff	Advanced Baby Body Wash Formula	/objects/uploads/efb8bb38-e096-4362-a116-0814ff037604?X-Goog-Algorithm=GOOG4-RSA-SHA256&X-Goog-Credential=heimdall-production%40replit-user-deployments.iam.gserviceaccount.com%2F20251206%2Fauto%2Fstorage%2Fgoog4_request&X-Goog-Date=20251206T091622Z&X-Goog-Expires=899&X-Goog-Signature=33d0682f42b5648cb8b87279bd60c7cda26c6011ae608bcc3ed5f986fac7a279307e111d3e2fa12f17a55e624cded8eebf5039bbff146d99735dc5300668f3387532f7ea3cefa7f0e0e37467175de6c0e8216f41083ccc27d44609d1e9c3fbb99a1ff1cde4c923725b07f2021f6eafc925ff86f3403aa43fb1152afdbd1c2e6ce1e0e253ef9485baa886d69a7408073995c388c0f6af7a21e038085b0fa088672529bf087b80480e63d2754e1665aa7fc7a96672e638567df55e5bba6616bc26f8cca81025c130b19af0ae9420c8b5125a3d415aa71e96133925f681f7e34877baa31cfd3dfc90f5d13cd094efa6d3b403cb789688082178abfe709a7c0582a1&X-Goog-SignedHeaders=host
302a9d40-cad8-4a0c-ba9d-c6e2c9b5479c	Advanced Fire-Resistant Gypsum Board Formulation	/objects/uploads/ce3e3d7b-2556-4e6a-ba3b-fa553b184522?X-Goog-Algorithm=GOOG4-RSA-SHA256&X-Goog-Credential=heimdall-production%40replit-user-deployments.iam.gserviceaccount.com%2F20251206%2Fauto%2Fstorage%2Fgoog4_request&X-Goog-Date=20251206T091807Z&X-Goog-Expires=899&X-Goog-Signature=2b08e16fe884ebd3b2dd5b6a1005cb5376c486bc0c3500ae18b9b5372a04c26c14b977aaa55368e4e03c7f1b2ca4fae1251e43a076fb899b9c85fa97e70e9acb12f5bb679493ed69cae378e370d4acf4fe9fa27f46b1722c116a24cd49c38d5a373887623b8d6a263b7eac21ca8b66953be1102147530297bad26145b3e2e84b43a0b34341e2d1602da2f8c483a4ab0f89493eab117f4aca6f20a49fa4570a34d5d37a466d14effaa27a6d6e9b5162581d114065b35971c4d76ff0b1af8fd56397872fbfe583e5bc2423033b5bc3342b0c22491fba89d76233a8efbb001897580f401569cd9574133dde2d0076a18a3569b91db506a03612b3eb35a70d7f48e9&X-Goog-SignedHeaders=host
227bc445-ec45-44cb-a4e7-fc2b16f94cf1	Advanced Microencapsulated Herbicide Formulation	/objects/uploads/858d0bf2-f1d6-411f-bec1-fb61dfc211ad?X-Goog-Algorithm=GOOG4-RSA-SHA256&X-Goog-Credential=heimdall-production%40replit-user-deployments.iam.gserviceaccount.com%2F20251206%2Fauto%2Fstorage%2Fgoog4_request&X-Goog-Date=20251206T092137Z&X-Goog-Expires=899&X-Goog-Signature=03e1d88e1d5ba4451d516e246952a917a52ace21faf48555ea6bee00f7c6df582b12778a2cf04af68e65966b893d0a573540fe1945909f19826c37cc9fd6edd7a84af06b6241595c8d6d6fd368455cf975e7fb9fc47f5f9703a611786407705fa7c29a098ce1af9ad14666cd533c4c4cf1fd0655d72a5b5d1ede761fb0171d9e543fc8b87f118e97490383032e3b33a3bdffa72f93a38b8394c859dfb94f7ab28e30c49a8e0d27ddfa728b3c5856d9a03bd8d4c70295ac227437d924d242775604b6afc7827dfeb2b01a86b540f2d89a9e50f407315818c0c824a88db3f19d9afc7166cac10f0ec80346b01334d789e80daf61d75cc84a81263088224653c214&X-Goog-SignedHeaders=host
1beffa51-06d3-4a45-94c0-293da76cb78a	Advanced Snow Foam Car Shampoo Formula	/objects/uploads/0aa8f295-bd3d-411a-abcd-1d1bb359fa34?X-Goog-Algorithm=GOOG4-RSA-SHA256&X-Goog-Credential=heimdall-production%40replit-user-deployments.iam.gserviceaccount.com%2F20251206%2Fauto%2Fstorage%2Fgoog4_request&X-Goog-Date=20251206T092330Z&X-Goog-Expires=899&X-Goog-Signature=a84d25fd7916b759a2c83f71333c92dd1e3414813f5598ee79a678a177651bde99bba3853a420905e4a5eb0b7406fcb1d0bc9d862308591dfe3f5e92e7dad3a50a63aff46a710973d69a59a86b34465650258bae51ab44efba89eb187ff51f59b0b47ef816a3db6bf2932d98c99c80c7765e8ef8c0f61b5abc8b501c7cb02f5efa2b9bcd00cfc54aca0e6eac8406ba7c48b0cecb886c992489a51adebf7dd9e03b2080f16a68abb7be79e4f33378ea3007773a72055b1c0ed7684e8ea341cc9afd8df31079ca07f61702df8dedb179ad625ada234a805d41ec997f0042d527b595ff0a72322ed950053ea053b6c52c0e3c00d6e7952137b6a4250e4f30e6c5f8&X-Goog-SignedHeaders=host
b827bc19-aa90-4f05-b432-eaf5fad287de	All-Natural Shoe Care Cleaning Formula	/objects/uploads/7c24a4e9-74f6-436d-9881-40b0b664a824?X-Goog-Algorithm=GOOG4-RSA-SHA256&X-Goog-Credential=heimdall-production%40replit-user-deployments.iam.gserviceaccount.com%2F20251129%2Fauto%2Fstorage%2Fgoog4_request&X-Goog-Date=20251129T053954Z&X-Goog-Expires=899&X-Goog-Signature=8c5d6f57869d073f03105be26681f7e5225c363c769d95dc3d47be57f91e203f387c72cc8a8f9170bbcb057167d8d8e5fca01b61428a39b199dd7ed835ca00f92fcccfb4c6e1d887fa2c62f1cb06b6122207c5be963d028f73bcce5f71d928a073612b9894c6010cc8e048b86d28dea23e452c3927d4202ccbb5796b102d05a4c9215aeb89bb9c11db1a63857fb3a65c3c12a870f9bed42ee4eb58a2f074f64f9a1c25d3a55e054117ff22bd56205cf1d24328feb21987c6eb10295c14829bade957c0e68d75c3b95e9971391ea4d39f09d847bbede0277298c788fd36310d10aed05e68f2fe3baed7780c2f0e1d31cadd113624256a286ad9fdab2d0e3085a0&X-Goog-SignedHeaders=host
08b92802-7741-4df1-8453-8e523e7c02b3	Anti-Pollution Protective Base Formulation	/objects/uploads/e4d79667-26a0-4862-9cd1-3fcdf7e47d64?X-Goog-Algorithm=GOOG4-RSA-SHA256&X-Goog-Credential=heimdall-production%40replit-user-deployments.iam.gserviceaccount.com%2F20251206%2Fauto%2Fstorage%2Fgoog4_request&X-Goog-Date=20251206T094319Z&X-Goog-Expires=899&X-Goog-Signature=87e183b2ea06e397380572e7c2d59d6baca7cec7ebfff32535e40b153543df4c282cd180eb9e0509bdb627e771d3f34abcf483cedd0fe8d5f4c84882489153d048e5366ecb8e78d8fe994fa0bdab44aad3856f5229b68f207a354df7d6eabd1d09d90232d159346c3f50ccceb602a63793e1c869328fdef8e10ac6932edcc24b72408cda584eb7dc0f5a15969d34873424887db715e9c950cc722aac7292f091910d6919c1414da40204120a86db3fa9b607923928357184206218e6394775bf696e334b9d3baf86c3c47b31bfca4ae47f4ae9b1fd7e71dc27a802e3e3cebfa61794f7357b0f0abd17fbbe6adc3578edf55aee5640e3214f8a9f569e1255aec3&X-Goog-SignedHeaders=host
e21357b3-40dc-497e-b53d-7491cec596f6	Antimicrobial Footbed Cleaner Formulation	/objects/uploads/37cac2aa-9f44-4282-9ff2-696a9d132a0d?X-Goog-Algorithm=GOOG4-RSA-SHA256&X-Goog-Credential=heimdall-production%40replit-user-deployments.iam.gserviceaccount.com%2F20251201%2Fauto%2Fstorage%2Fgoog4_request&X-Goog-Date=20251201T141140Z&X-Goog-Expires=899&X-Goog-Signature=9bcfd8b3f71a1222e6b16ecb4335aff3e6115125149b520a21b6172bef2a4cc5d9b29e45883013b5a7db65df5a661726d417b13b902519337a20fe22e8a163ded1e5615ced7d1ef96b5e37b1428176f4ed6c5b76db21ee3c45de0438cd99c124e57fbf457af05ed659b22d8de4d5777e9600988f8a2ed4643fab1768496411d601249608b7365aed3a9fbb6a517820a1d2ee6e0a36a07105f27056f8292fb0a47569e6782b564bacf7ee28b5f6b658738c46fa51ee8135cea15862e4be9b45d1b8a104b27fca3d628747c5a0e320e4fb3e737074bf0281bdba3190e35b9da4bb11413c823af5c18d3ddb8225bfb3cfa25ea0418d2ace8a3ff0807745e0cf44b8&X-Goog-SignedHeaders=host
57330bb4-7a60-4725-b082-179a77d810aa	Argan Oil & Shea Butter Nourishing Hair Mask Formulation	/objects/uploads/7835df60-d527-4b93-b547-8286b6dafe8a?X-Goog-Algorithm=GOOG4-RSA-SHA256&X-Goog-Credential=heimdall-production%40replit-user-deployments.iam.gserviceaccount.com%2F20251206%2Fauto%2Fstorage%2Fgoog4_request&X-Goog-Date=20251206T094444Z&X-Goog-Expires=899&X-Goog-Signature=634a1e41021929d84c5f4a40cd44dc2809c6d933e49be5261b949ce763d3adc2d6b70458eed7b75f9bcb7faf48bdf94698cb1899f71ac4a80dd303b9335b40c56ed635eaca5fcd4845ad9836f5296ebd1d7de0e64bced9ceb07d0f0b782afed656eb5895404e9af9f744a5a2b36832a68eddab6f87cd7adb733b5df2ee1831a0f8eda35fe073407a8a3f79754ed08968c27eed96a11a963a9cc3e50f8403071df744041cfbbde48f323fd618cd3889e5f752f6e6d2278f2620a351d8a808db2ca5a2cf207d2feb4ace88dd3a08ef5f25c0d3c6f01596b734015adb9599228fe2723de9516912e6fe69711481988072e4a0ce6d4d8f194bf0c79485ce47d9efdc&X-Goog-SignedHeaders=host
2a90dcd3-1e43-45f1-8d00-0dc77e164a70	Argan Oil Hair Styling Pomade Formula	/objects/uploads/30fb58f3-2769-421f-9d93-17df516e1644?X-Goog-Algorithm=GOOG4-RSA-SHA256&X-Goog-Credential=heimdall-production%40replit-user-deployments.iam.gserviceaccount.com%2F20251206%2Fauto%2Fstorage%2Fgoog4_request&X-Goog-Date=20251206T094648Z&X-Goog-Expires=899&X-Goog-Signature=2b03f7b6234d6e1f91816be9909b126fe5c9504166cc6d13e5bbe0ca297b66a662e888eeac26f7deee1471d1be0d785245c0e23838f0b56bdb14ab935e66ffd8007bef374ae7b65fe5b5ab3307a2bf83977b84661ba10c7d053b777b6facc020fafff3e22ced85624aa0a80e74bdd283ee8d522b1115f33b991fde853412d75f42056df2bd9e83900e3ecc5453703e2e80e21b82b0a764076b80efc828bfe805cbe976cad3c02fc19f8520b6a7fbac80e9c75397bcf7b30b401e2f3b272d2eb39bcc5565aee2f7ce23119dd1f03f7bc0a3aa3b4dd9e760170776472a83f20d94c61fdaaf1c396491df21a5c77690229ced7806c70fc5df79cd03994cbc32de74&X-Goog-SignedHeaders=host
c2c79af5-1d34-4d95-9228-de9b02d656f3	Artificial Grass Adhesive Formula	/objects/uploads/6b041c15-85d6-4c2c-9268-84c305a246f0?X-Goog-Algorithm=GOOG4-RSA-SHA256&X-Goog-Credential=heimdall-production%40replit-user-deployments.iam.gserviceaccount.com%2F20251206%2Fauto%2Fstorage%2Fgoog4_request&X-Goog-Date=20251206T094808Z&X-Goog-Expires=899&X-Goog-Signature=0ae290932335ed1211046bf12d7792765e6024bc54fbd4118d4a5cde54b0973cc6045ac0826c051c817caaf8320a1cfea9a01286daea46c7b0cc73dfceb6b791a0fd7a7d733a3f64e3c43c005fd8009309e67078bb6976eb11e2b3fec06272d9c179859e78f4942580e6aff0545c97111115b1d3e30a49cca5342fad884445d02f1a03b45bce4790cd1c3f4348eb390b7e49fcb0702ac8ac2c7c3be173a0a07ebbb42cadc84714f63c3f4d4281a9109527ff5935a6f321f5348f1bab9df3301caa3ba3c230aa1333281fea93850696b871b77f6156a47bc7d202eace6a77ab3d8813568a2e80b7321deb8deed20ca204f5166806b6ed6413b8387d797b30f017&X-Goog-SignedHeaders=host
627a2442-1ef9-491a-a9b6-529183c56ee6	Artisan Leather Revitalizing Serum Formulation	/objects/uploads/b7a07993-e904-4880-819d-05a0e334abca?X-Goog-Algorithm=GOOG4-RSA-SHA256&X-Goog-Credential=heimdall-production%40replit-user-deployments.iam.gserviceaccount.com%2F20251206%2Fauto%2Fstorage%2Fgoog4_request&X-Goog-Date=20251206T095148Z&X-Goog-Expires=899&X-Goog-Signature=79e8417e9c0bb6c2f69e8c7e3a9efffd32096557c5784b0bbeb05c88077e30a1a214f97b45ea46bba4a27a70ffce0674ccde20fc679e352507621f00ca5b010e21c5a8990a014247060a4dd3aa5524b2a64ad3e9c8d84c931af3764dfd88b31c7c37f2be5621d72411cad5100c3cfd4b316240980e72c8208b9ef03c00fcd5b9a0677467677d904ff4e4031c78c7fd48035b398412e202bd94b6c923439be0c982d4d93110df14ac738b35408f9e8d60a6f1609bc435f22d512187e9336c9302ffbd7dd06a0e151b8531ec2e2b4640d55de4663f6664af38a1b0683d171c28245fbc9a906c19f021937a865286c56ee961d6fba62fbe78fe465c30b513ffd13e&X-Goog-SignedHeaders=host
428c8a8d-80c6-46b8-ba1a-d17e229d5119	Automatic Dishwasher Detergent Pods Formula	/objects/uploads/0712eff4-c5cc-4b3e-8b94-41c39c919945?X-Goog-Algorithm=GOOG4-RSA-SHA256&X-Goog-Credential=heimdall-production%40replit-user-deployments.iam.gserviceaccount.com%2F20250927%2Fauto%2Fstorage%2Fgoog4_request&X-Goog-Date=20250927T065534Z&X-Goog-Expires=899&X-Goog-Signature=8d1dc8f720d83c48572bc68291a95e9be660e58f9e2d5e08bab62001efe62025726f6ac4bf74b5dd6237d297b20a966a25f3372960f0483838e30edefe1f1ec98be1b52a0967145281788d330120a5fff818e66a8ecec41956176825a058cc15d0cc8e80b0973376dde44a4c87555f365e0fcc2380f51d8d9596eca2367d6e81a22770942478283fa347376a9edd9bd57403b4de3c586fd64cc1782db6afef21668a2ae8e87ca1fd906cb9b6273a3afbdc5d6221713d5f87ee3dc879ae1b6074a3afbfa92406a63b77f9aa69777bce296cd2f872b0a6734a284390c40f927224cae14f29c187c6322040544c4159b84b1e35a2090871987d189ef70c9c46456b&X-Goog-SignedHeaders=host
e580c78e-a818-4662-85e8-edc307360c30	Bergamot & Sandalwood Solid Cologne Stick Formulation	/objects/uploads/886f83b7-916e-4349-a838-6d9568c9db78?X-Goog-Algorithm=GOOG4-RSA-SHA256&X-Goog-Credential=heimdall-production%40replit-user-deployments.iam.gserviceaccount.com%2F20251206%2Fauto%2Fstorage%2Fgoog4_request&X-Goog-Date=20251206T095849Z&X-Goog-Expires=899&X-Goog-Signature=6427ec524cfdb8a99c661d3bc9cbff4e8df0142e826333b2675bfc5c21e229ccc912106ff9cfc15552f7bd87297d5a8db85452693e24c47be2bcc43f76d71ec78def83cb73407a46429586fdea4f90fb9b3d3be36c9cedddb0b6bc0d22dd523675edd9289b675a3c11a3098a471022a8c8ab35b6ec278352d3e7100f27b571f27f1926566115688344846ecf87e4a14392e706715655875bf99320c6e961806ab4a26326af9ce89689c11c607e24fe526720e52fe448cf6cc492ff5d99df50e7002d9621aa42001e8d5f3a896bf2b2f46582c67350ec65eaad6f55c008c0b63450ebaa8a01a0db8870dda500bdeb6781a26301069da72a98b4a03182f4205100&X-Goog-SignedHeaders=host
546fc5a4-613a-4d66-8dd7-6e8a9469e454	Bio-Based Wood Adhesive Formulation	/objects/uploads/06c918fd-f1b6-47b1-9a8d-d9eb81fdd597?X-Goog-Algorithm=GOOG4-RSA-SHA256&X-Goog-Credential=heimdall-production%40replit-user-deployments.iam.gserviceaccount.com%2F20251206%2Fauto%2Fstorage%2Fgoog4_request&X-Goog-Date=20251206T100026Z&X-Goog-Expires=899&X-Goog-Signature=0a53b33517ed07d51a9152fa4449c7704ad20112789bad35959f9fa4697dc9e352c29793aa1ad43a8b673cc8fae1949b326b8951dddc4b542c7ec5a061103da5707f2dbbc89f2184310f83d31dd5f6fde8f308e0454dc10e30f47c1ea6d283c8c10dda848bf43a581bf2ed96912c1238d9d14bb04f8bcb3289ed2efe6d5bc642336ad77e4edf0f7f66a43ce5a5b7831bfbb27b8683a287dbfec54f5e884ead056c164ca85767a7fe66d2708f429ac5c6d46ef566b6e9e46dab92316235c969022a42fab4cdf8e311bc9a508807b47dab5ad0a7455ea9ebdb27a3e87b6ac6c69039480571b20bf8de612b64f963fe3ac15cee4cff7cb132c39d9232923b5156b8&X-Goog-SignedHeaders=host
0ab9a75d-414d-4340-863d-b31212abc081	Biodegradable Air Cushion Packaging Formulation	/objects/uploads/49c145ae-a8cd-43e5-8fbd-03523a5d033e?X-Goog-Algorithm=GOOG4-RSA-SHA256&X-Goog-Credential=heimdall-production%40replit-user-deployments.iam.gserviceaccount.com%2F20251206%2Fauto%2Fstorage%2Fgoog4_request&X-Goog-Date=20251206T102455Z&X-Goog-Expires=899&X-Goog-Signature=1c0b66e2d04b0c16bb8c49d9dc55d5b2b54ecf7ac49ffa13dd5ca94dfeeb60d8e0758e29d5027d0ce06fdaefed7d5a5abd10f8be7900388ec539ab6300884c431e70ac3d56076fcc9aaf9fca0ac61434bdc958bbd1706a59dd67ed6be0ee0d458207c09a05d7976e28d9dca8b32e2dbbcf098b055b131790845f8a0c9201b2b0a2ce4af7049577d3a0690d382ef52e5489d26442e1dd96f2adec6540031463db1f907206caa12eb6c61857f3a84e5c29a33a95cb6ede4b426789a8147fcb9a9971ad2a60640a7618799d149beb25128e3b8223a1f917f68ccc6b819ab550def568679c71d7c1e688ec2871ed759fa6ff0354bec432c53fc28af0f8dcfe731c28&X-Goog-SignedHeaders=host
a779d399-d12e-46bc-a5c2-65132381b62e	Biodegradable Injection-Molded Container Formulation	/objects/uploads/7b7759b1-1760-4a3b-a962-4e9d8796f323?X-Goog-Algorithm=GOOG4-RSA-SHA256&X-Goog-Credential=heimdall-production%40replit-user-deployments.iam.gserviceaccount.com%2F20251206%2Fauto%2Fstorage%2Fgoog4_request&X-Goog-Date=20251206T101742Z&X-Goog-Expires=899&X-Goog-Signature=2e3ad27ed24fc4269ab8a789995b3a846040e9226729fddc407444724f3a326e58738771b3c7d06fbc10785d2254bc3085f9b5a57b68a7208117c73e3eab021899ef72b5f7f6304d503b9c42e368fbef5c256f1be14199d91ca9106fc2d1cadece808f9668f81f8816c6e5f69cd9f6841774c921e5b5a6c9932b24acfd7ca7998942d8b22698a74f754f5ee073f358bbd2c6d028bd8b0b84b023b1d501229723d253b828462e07660ef276dd2ac2aa5f4ea82c75a6bc6913a3c7fea61612da8ee13eda8b6f521081265b30e8cce4119eaa963494d237bed23aaed899141739b0a5fef4d368729b798a1983e38bc4c3ad1e789489517d31a4931e724905ef6b6e&X-Goog-SignedHeaders=host
d8c04e5a-3c67-4e5e-b596-64e63cd04a70	Biotin Enrichment Bonding Serum Formula	/objects/uploads/cb46bf94-0cde-4965-b774-02de229b8fcc?X-Goog-Algorithm=GOOG4-RSA-SHA256&X-Goog-Credential=heimdall-production%40replit-user-deployments.iam.gserviceaccount.com%2F20251206%2Fauto%2Fstorage%2Fgoog4_request&X-Goog-Date=20251206T102647Z&X-Goog-Expires=899&X-Goog-Signature=74583d2d180bea7e541fba2c64d5f369e65f9b9e5a6c0bb6870e80754214f978f359a98370d3d0365dcca931a8bc1ba456258e7882562bf110a5f6b66e92984fb6dd45e84e8e574297cad0f3b3e3e4a9ea1347fd305352623c9a12de7e1941e75fdb2e349c5f3f0d56ab49b1eac55544f483e8601470391456ff1e8ba3a189307363f625d91cb2c225ff615bba396091bead52db7aae607a4cf7459468c403170c732eaa1d2fc2c1122f21ea168517f5acffa2b07764c136e7fe1a428893a9be55a91ed6231cce207d4a4e6b62d47d72430178ee0d30d8caf7fdfac2c1be88bb1f9be4aa72d7c7ef04319ecd1636392634a5be81c40526c39c6f7aefbbe77920&X-Goog-SignedHeaders=host
c0064f25-8839-4cae-9230-a51428f4e409	botanical infused dewy foundation formula beauty	/objects/uploads/2f0850fc-4241-403b-bc63-b47135fc9b89?X-Goog-Algorithm=GOOG4-RSA-SHA256&X-Goog-Credential=heimdall-production%40replit-user-deployments.iam.gserviceaccount.com%2F20251206%2Fauto%2Fstorage%2Fgoog4_request&X-Goog-Date=20251206T102857Z&X-Goog-Expires=899&X-Goog-Signature=25b31a1734cea84f5b178cd7ee7d541fda3c0c7e55e69d42bc8dda78a269c0b57db15cbaabc08e60c0f7cffdc506cdb4952b301beba77d0384aca26dfa547f97791ba4ba98d1c954d07dddaed24f69fbbdb10c039fedbce3fc6568ea8c58908d9c60ab65ac65b3322c4adee385f5d7505557d1c0bc92ced844072b104d123dc3b59106cae14c44af4d89b61401d166a2388f45b09fad5329b30e16bb5441caa43a08812f43ea548b95513b90c4ac405db5a4e9d7240a12e15e8fc7ab089482aa16476dc876540041d4fbe7901c5b9106b1975ca89bf62430e3a454ea1cec943d3340b40494ec08d0a142e8d1913f29195b11a03fa3cc6a893560013492bb1908&X-Goog-SignedHeaders=host
4b72a1c5-e63b-41ca-a1c5-d4945717de2b	Calm Companion Lavender Formulation	/objects/uploads/d18a534e-f6ac-4402-bfb7-7c80a469a6eb?X-Goog-Algorithm=GOOG4-RSA-SHA256&X-Goog-Credential=heimdall-production%40replit-user-deployments.iam.gserviceaccount.com%2F20251206%2Fauto%2Fstorage%2Fgoog4_request&X-Goog-Date=20251206T103113Z&X-Goog-Expires=899&X-Goog-Signature=2d4d7e51f44760a625e764103d766f8cd02cf53c48c31b1ecb17a51b7e64d96c249041ffe1e6c1c6bba3f45e9089a1459ec6d7300b733a3feda08b71eb4b12f12337f74af0ac2a391f7dd994e50ec2020833f0da2d8d3b0ed836a1f1b345d486a610359923cb366c65f1e8cae5fabefd857a9d459446bfe6c8abef83c19dddb6818536fd2b654c43e6683fbae351ded45c2e8d9005c255660853bc5619b2c8a9cbafc6c0ad61a321b96e2d5f6d4dd941e5d0306c50b7b2e4822bf93d522be39aed5366930546b98887625a34320d862beda3033c1c2dbdb94264e0efb64d6582ff1d2c8feffcc076c2981c2b02c7aad74b12337550b5c84ba88fd9fed8df920c&X-Goog-SignedHeaders=host
05cd8ddd-5509-4fce-8255-cee9ab3e565f	Camouflage Hair Enrichment Formulation	/objects/uploads/593b2f22-4826-46a7-abd2-2c69a560508d?X-Goog-Algorithm=GOOG4-RSA-SHA256&X-Goog-Credential=heimdall-production%40replit-user-deployments.iam.gserviceaccount.com%2F20251206%2Fauto%2Fstorage%2Fgoog4_request&X-Goog-Date=20251206T103542Z&X-Goog-Expires=899&X-Goog-Signature=af302578a51476dfcc97eb1afb0163a74a1dd06baa63a87f53c3dc69d31b28f6e2e79a6b37ab101a1f3ac2b29cadba0e94e313d8bdf499f2aa70a1887355b8f26b4ad04fffdbfda85e944c79444aa3737fe4ce63d2eefb8bb1161dd6f8ee8187e69602529e7c223930465937f56aa304e51e9b371c6fc4e8c1ba13c14671c74cd7b52ffa868d2ae8286d52751633f716a9fbd8bacd14fcdd1a9721c09d717db4a4fcf473da110bb8554bf38910b982203e31103a69d2ad697120322a74d7e445a036ff218f1706d9228faa40f0a56dfe7e583ca76d0bf44d114136231a555bafd33de88f64a5bf0b608b51560fbb6cf340757bed519bdb4e31af2e56c317b7bb&X-Goog-SignedHeaders=host
b7cbf8a2-6792-4daa-83de-9e4cc31a7451	Citrus & Bergamot Bath Soak Formula	/objects/uploads/ff28e65f-bf0e-4d08-aac2-fb5768bbee65?X-Goog-Algorithm=GOOG4-RSA-SHA256&X-Goog-Credential=heimdall-production%40replit-user-deployments.iam.gserviceaccount.com%2F20251206%2Fauto%2Fstorage%2Fgoog4_request&X-Goog-Date=20251206T103805Z&X-Goog-Expires=899&X-Goog-Signature=5303d009e192eadee161e45555f24a125147e42fbdb35a6e38bbe42d9833a213c3bd842de8e5aef9cc705163bee825c1cfc7c11d879919a2afd6b9db827d7b4cd3a7d84e31b4a51badbbbe1f8480e43c88a9e6d25fd426bdff967bf88e6003b198b4cf4e5b9ab30cf23c90e14842fa188839414d982cbcbd4ce1cb2916050b5ad18470b3b40419167599ac361f2f1329c5b401d841418ac4a73bfa6b39dfa44f1114a1e6c8be38fbf37301d371a10a08de4c95f2ef76fc1483811162c674be1f345a34128a36caf429df986257bbe36bb82dcbd15163a152ce30b977d5d0f6ad7ca640df9f32c34f85fd75af6d41ea54586583675d28585754ab644ef06fbfc3&X-Goog-SignedHeaders=host
1af6014e-eef8-40d7-aab2-28504ff55cff	Collagen Boost Conditioner formula	/objects/uploads/e526b490-84bd-417c-9a80-5ba8e8517bfb?X-Goog-Algorithm=GOOG4-RSA-SHA256&X-Goog-Credential=heimdall-production%40replit-user-deployments.iam.gserviceaccount.com%2F20251206%2Fauto%2Fstorage%2Fgoog4_request&X-Goog-Date=20251206T103923Z&X-Goog-Expires=899&X-Goog-Signature=a762e7db1e70d5655c406a4cdf4b5a5f4fe6e88bef67bd9e3064aa49b247a8d53cfc48dd1195875c40479a66dd41f0da9f7d518103555e3adcc2afb0936da2b63f7bb17490713a2b14e6182ef38f9f30aafacc4a5ce53f59991befdcc4cb328ea8d45128f93cec8267ea18596899a68b9b820296d01b7067f6837d94a464a8fda670c18b83d29cc34c1994a949e15cbd76b69aec27c1de43e137fe9fe05b6177db17a360cd3fc59a1c152f12e860b2a9d24ef3fcc0b9768e178e319f711281d155fde3fcb6c5d62a256afa8d729f68d4123a198328a6144d07316e2f4858dcb471334188646445af5c3a84e2d20b9c57a2d0742199f4fe184f99a16bca4685c5&X-Goog-SignedHeaders=host
4a7aa2f5-e0d3-4947-b285-d90305f0a991	Cooling Aftershave Balm Formula	/objects/uploads/cooling-aftershave-balm-formula-1eedaf86.jpg?X-Goog-Algorithm=GOOG4-RSA-SHA256&X-Goog-Credential=heimdall-production%40replit-user-deployments.iam.gserviceaccount.com%2F20251206%2Fauto%2Fstorage%2Fgoog4_request&X-Goog-Date=20251206T115255Z&X-Goog-Expires=899&X-Goog-Signature=7234c3fa88fde706997d1f4fea08dffc3d173bf630043357e775e971cfb14f35c65cb383e0ca78604eaac270ec27a8df1e2b556429683a23f0d394c5a1b0ea2cb7da7fc91c76655aa78407e4f5c53f2e0d798064c37534f85c046dabfc3355e6f36668ce51ca1ec0ba1c4f4047bbc6fda11a0a6b5bcaf609577b09e765bff2b36713ec81f669ea0850e0dea5a8a9678ff0f9c684c82b7fb772b19a6a18b11aab27aa7166dab9e951b6762e9df0c95b1d2e36b071437ed2f82e7d7bcf39212936d54b1cbd6d812c6a50f22248927a98c75b6c56bb0dbf286ab7a4a31e8457b96d2c47de992ab3df9b50bd21ab9e875970b8839dce80af63025fdd6073c5e5c2c4&X-Goog-SignedHeaders=host
46226c04-9e70-4c3d-a42b-41ab9bbfa396	Cooling Aftershave Balm Formulation	/objects/uploads/cooling-aftershave-balm-formulation-ac39c402.jpg?X-Goog-Algorithm=GOOG4-RSA-SHA256&X-Goog-Credential=heimdall-production%40replit-user-deployments.iam.gserviceaccount.com%2F20251206%2Fauto%2Fstorage%2Fgoog4_request&X-Goog-Date=20251206T115024Z&X-Goog-Expires=899&X-Goog-Signature=954252b3b94e640954a43a02b08ec6ebce97bf96155021a887feb1719f4d9fab5a97725a5f56c8309921422a0e66c86a7fa46ae731c0ed06bced78a0f4a0360e851ce8cf7c80a35cf7575502a2aa08afa732ed3585336990b12b9fa4447df19ab4ba849d56a5bc8e2dd30fa0e44cf9331ce99f063ce3a74f66aadfa93e177b0111dbc591271ed0196a9580df337734e5c77de2858563ffd1cd4a700b5ecb605901a0a3ebfd749586382de74b48ca530c9ad79b5efa8d3d4e92bb1885d9c6b6bf418cd443c80e3b3679d2662cc142b5f0aa55b00efaa8028b599daf6d99427d47a8b1f6d5f2db4f96b5f9892ef2e75d66d19f2d3398450406471d83d8b31d96ce&X-Goog-SignedHeaders=host
ec39c288-3cd6-43b1-a7e2-dbcf2864728a	Cooling Aftershave Gel Formulation	/objects/uploads/cooling-aftershave-gel-formulation-3b76ec34.jpg?X-Goog-Algorithm=GOOG4-RSA-SHA256&X-Goog-Credential=heimdall-production%40replit-user-deployments.iam.gserviceaccount.com%2F20251206%2Fauto%2Fstorage%2Fgoog4_request&X-Goog-Date=20251206T115327Z&X-Goog-Expires=899&X-Goog-Signature=7536d3943c617d370fc029faa2deed24d1edab09a4eb9c137919d609d1c72df64fbe08f26435a0ea6d5a7c00ae024b602ad1b9551943e02912a5bb0c90abb2b1742d6739b8bcf18f15af3cc437df6acb6ce451b970fbaad02623789f4ab2b6eb74a6664fde42e70cd669c450112a5597859c6f25d043dc9a5097c7c406010760190359e32c71aa965e8ce471631041be3a4caafd102177322051d3d8e65a05502f9e1912bb8eb83875542d8fbbd812bee9c02ad6fd32de3396d119354759636437fd7571ccc882fa359d955c53b79201e840532871ebee276a1c0b4b40699b7f3955b5a89c654de2911341a8cc086244342945f967513b9184dde3e7c662dfa3&X-Goog-SignedHeaders=host
44cff0cc-b3a0-4267-a60b-f0b12d455f89	Creamy Elasticity Booster Base Formulation	/objects/uploads/eabf4b28-c9f5-40df-9375-2e9b09816749?X-Goog-Algorithm=GOOG4-RSA-SHA256&X-Goog-Credential=heimdall-production%40replit-user-deployments.iam.gserviceaccount.com%2F20251206%2Fauto%2Fstorage%2Fgoog4_request&X-Goog-Date=20251206T103648Z&X-Goog-Expires=899&X-Goog-Signature=56f6e7e14219ce3c6601744eb22e65b73b1687f69db17fb6140acc76b141ade52d51337ef50ed882f690de07019364bc153c5e74141134e0657b7a46c48d14985103e234179939d91f2e193002b1f4b3f0c90d68058de38b863225c6e4bdf4156a80a9af438823694b90544b4ca269c93e4ce175e11bdb82a82be1641a1a439f592150d01069d522660fb5799a91e8cc9c3ed9083a459bace02db72341d85ea86d6fe01d2cabb5d8fd01881ecd72963def006f8f9f130e8378f87b07abe701e41fbe3bdfc50e6781d4202801721c40dd962bf6e3f1daea274a5dc5a69012441a61659f42b0b2cf8b8fbca7d8d60cedfda87eecdaa146cd191ff6e9f8e16b7734&X-Goog-SignedHeaders=host
1676af42-3326-45b4-9c4f-a1ded81040da	Daily Defense Moisturizing Formula with SPF 30	/objects/uploads/daily-defense-moisturizing-formula-with-spf-30-9b0dcf39.jpg?X-Goog-Algorithm=GOOG4-RSA-SHA256&X-Goog-Credential=heimdall-production%40replit-user-deployments.iam.gserviceaccount.com%2F20251206%2Fauto%2Fstorage%2Fgoog4_request&X-Goog-Date=20251206T115931Z&X-Goog-Expires=899&X-Goog-Signature=5d1331b560175ee04007bb2a2e9102372609b66d75829a12c15731f8aa3546cd00b9a8ff8e665272ac03a7192ef63dd7e5b274cf923be07bb4ebf99b2b7424fddbb0211c859bd2566d758e2c04f82f60996b4d6e82d47f7dd82b740e2312de24cd76fab082d6e154e84e6dac42a462566adf21ce55e9fcb3c371d303015210b7c7ab818356ef23e0649754a00fdf5cc20b94acf939aae6182960d715b371de288af5c9479e6f8da1e2cf28620b46fb7c458d598cbdaa43ed9facf4780b5248778ad60da4d05e484d7ff75c44faa6a9f7f1f5a18c5533bab71103ddc1d79b07fd3c1d58ae12b5908d192cf5cb9e244c0c056e615f582a4a7c9c2e82a940896196&X-Goog-SignedHeaders=host
8ef59c2e-0cf2-4cc2-bb20-9f91db3d3c02	Gentle Baby Shampoo Formulation	/objects/uploads/gentle-baby-shampoo-formulation-65aa63f8.jpg?X-Goog-Algorithm=GOOG4-RSA-SHA256&X-Goog-Credential=heimdall-production%40replit-user-deployments.iam.gserviceaccount.com%2F20251206%2Fauto%2Fstorage%2Fgoog4_request&X-Goog-Date=20251206T125222Z&X-Goog-Expires=899&X-Goog-Signature=3fe2202a593998e97c96a5c2c50fd53d923881060977d06b8b7a3eb08228a412308fe4e56c2f4915b101df75203513f740173dbf87aec618abc6bf50afe3fb88dbf831f3ee3676dcd5552c799e842c8abfb4f0f9095de8280d63918800f64d4b2fe03a3077adfbcded01cd7d6367c96fd6458f04ffb98b0644600bad912c796ae5537709669e357bc2c2dccc12ba524f64d770ce5e2a9f295070026a1c1615d286b0df075145632b99e2570bef6eb68dac5c31cdd4fd6d2296def0514ace89c741d645189331cb65fea28266578e21d27da9ba65daf758e265b33be26fed0ae0b42ab34f758ea4b9b901a64b1438ada79006dd70dc6f8f8624f0221ad2b74507&X-Goog-SignedHeaders=host
49102303-cf1c-424c-af6e-61dbb55f800e	gentle baby soap formula baby	/objects/uploads/e9ed3c8b-6481-4151-90b2-bf338a617c89?X-Goog-Algorithm=GOOG4-RSA-SHA256&X-Goog-Credential=heimdall-production%40replit-user-deployments.iam.gserviceaccount.com%2F20251206%2Fauto%2Fstorage%2Fgoog4_request&X-Goog-Date=20251206T095447Z&X-Goog-Expires=899&X-Goog-Signature=1aff7a72628823b68a71f4d9e534dfbed2887d57a4510dd330b8f4cff874d3a9f91e0eff9bd33db01293fb2f20090712cda6d23c38306000d285753f707a827fd881f4d9293f6b18ee149ea7dac7dfb5e9d1f8d962bb60ef7c9552c70667fa4d59674e1211fdc3e3df79eb05232fc1bb6387e14f5d413f00b07b818a21b92453fd604c31269f74e4e6d7af8bc32093b6a2e6fa70cda2147f51004f401f55eafaf45700e89c28346e447dd39bf59a1634cde442d37b85f72d36a72a2d9d15c2b1324f41f787a4f89d8c102e51ad75ecd39645507fa05d0e66defe244caf7ef557e94b27093d90de89179178d812192f0da2e1e7c11089566cfa72e7208f3feff5&X-Goog-SignedHeaders=host
4a436867-7844-424a-9e8d-5f8a2b710a11	High-Shine Shoe Care Formulation	/objects/uploads/9d56e405-9531-4e20-9869-a75334c16b0a?X-Goog-Algorithm=GOOG4-RSA-SHA256&X-Goog-Credential=heimdall-production%40replit-user-deployments.iam.gserviceaccount.com%2F20251201%2Fauto%2Fstorage%2Fgoog4_request&X-Goog-Date=20251201T140714Z&X-Goog-Expires=899&X-Goog-Signature=5ecdb52cd3b4f86d4a53222e46abafec231828d0a11ecd936f0612c6db6c6f40415e52d97894d0f1dcff3d41256cb34279b0c12282a8b5efb3ed0dcb78d7e1afdc13b5e3b35eab3316352ac84a159914d0476cea13ad151bf7f09c6e10654bd327c380b0115f61bc851d19ed9cae145656636823b45657fc51dbe3d651fa85e8aacbdf231ab2a0a03e02848b2cea9c7be0225a562d6e40ee67c8a7eff8770598babb50dd6634deb174276079a50b132b769f4b0e425075002937d7c18db0a96a975660bd21c82110e2c6664b44cae1a1d7f5d9a439f3c31e5fd3fd888274305811d48377eff7d4d99f0e979938cfb1670954eafc1f744f2dccef5ba16b648a01&X-Goog-SignedHeaders=host
b41f2c13-f12d-4c9d-99f0-c8fbbd085104	Industrial Baby-Safe Liquid Laundry Detergent Formula	/objects/uploads/671a1161-59f8-4fd3-9d32-f567e4f025f4?X-Goog-Algorithm=GOOG4-RSA-SHA256&X-Goog-Credential=heimdall-production%40replit-user-deployments.iam.gserviceaccount.com%2F20251206%2Fauto%2Fstorage%2Fgoog4_request&X-Goog-Date=20251206T095747Z&X-Goog-Expires=899&X-Goog-Signature=5e00996e68b46b1026bee9bc639f7966310e423533dda07d241ab26ec7419fc2525bc2a886f6a068ddce53c7632045a7016f4dbb4fb6aae6756b03452cae527a4eee764e31b8436b5cd5d02d4aec0b010189a5c6774c769f88928edc61eec1e405f75cb233ac92111ec05e75e38d9502257bf729669908882329433fa39088f36eb952e2bf554eee012e36ec32d3553bd2cde2cf2dd35ebaab161144a6892108b41678ee446772567668f8d839790f8fbd0dc528e18530110e1246c0e5be038fb479b98d318b53891cde247a93980e8f57279690fb1cb9488ae1567cc026d5db892bea68702e391b4110ca01187692b165b12847a76b48ee7b6e01ffe684dfb1&X-Goog-SignedHeaders=host
6208e6d5-c155-4105-bd48-2d627de5fc62	Precision Metal 3D Printing Powder Formulation	/objects/uploads/8c8bcb0f-4607-4a5d-a720-4b3eb8fc9406?X-Goog-Algorithm=GOOG4-RSA-SHA256&X-Goog-Credential=heimdall-production%40replit-user-deployments.iam.gserviceaccount.com%2F20251206%2Fauto%2Fstorage%2Fgoog4_request&X-Goog-Date=20251206T090842Z&X-Goog-Expires=899&X-Goog-Signature=5ffeeb3ca34a0024810805b2e108fed681e6eddaaed8cce51d7a89bf66b87dc6aba9c6c38eb1b13684b17f1d8d44d34fcace272ad61755ed0166b850455f67d9c1c2248efebbafbcdceec9e08fe95cdca1579b052e4518c1c7664cfa57c1c2442a8d5c243e42fe7a7e5cb3a87dab75d1f275d3d8ac67851fb085bc833073341341d0a8f598b32ec82095f8568a9bf75f89612e6e443c85676132de8eada9de79b593e652d9a43ed1f540d6349f3b5aac54a3786751ad6381da5c7ae0bc77509ed8ade49e063f9fa065cdea3a0b11616342e01f588b68ec14d92af16d9824bfeb9e7242e732267df4f441a766b0d1ec2575bcbe407f466f2640927e1029c8f681&X-Goog-SignedHeaders=host
8e293745-5ac4-40c7-9c66-9da4c73fb902	Premium Aerosol Party Snow Spray Formula	/objects/uploads/98dd526b-9e16-47db-a2ba-dbd406f272c1?X-Goog-Algorithm=GOOG4-RSA-SHA256&X-Goog-Credential=heimdall-production%40replit-user-deployments.iam.gserviceaccount.com%2F20251206%2Fauto%2Fstorage%2Fgoog4_request&X-Goog-Date=20251206T092515Z&X-Goog-Expires=899&X-Goog-Signature=6c0deda39347474903396ab7207815975b3e6aaa597ee2643212c251677262138af747253841af1994f0472fbb9d0e82daccfcc2714f40b68e2cee559e2253c3757419212a502bdfe5bd01fabbf5bf5d373332f1c7cbae31cf5fb1817e46c2752015720519423d39f2c1b64f3723f758f9844ad651665ef16d0197fdf79e922fcb3633d806212ad084260567f573c3867e6781002aa7855cea90d38a16969b297a455a9e3084496401243a7a8b85f16e0aeb3e5c11b6278f9f71b8d2d056fd46730c7627cebf481be60a34db49cfa974ccd4dbe491d53bf033da8157a1ac2f654ec8526722f26f6caa26cca873f0b60af07578c6c467a9ee574c072dc39c2016&X-Goog-SignedHeaders=host
f21dafa7-0380-4898-b428-03758cb8f596	silicone free waterproofing formulation for canvas shoes	/objects/uploads/17d6fc2c-ff7e-4635-a5a8-ecd32c039eea?X-Goog-Algorithm=GOOG4-RSA-SHA256&X-Goog-Credential=heimdall-production%40replit-user-deployments.iam.gserviceaccount.com%2F20251201%2Fauto%2Fstorage%2Fgoog4_request&X-Goog-Date=20251201T141709Z&X-Goog-Expires=899&X-Goog-Signature=3a751ea0527f05c9b2dd0be0362222773490d4a73146890c96f704a3b4e6b54d631556aa96856736ded0e04332c585c79b8d836c07f48168c75d95d6565ca5ec7df2630202bd9516ef4cb73ea3028821cdcbea57caa0a80b527850476900ebe9d5772a4a62920e0b07cb2b402d5037e9b094090971887432ece03ef1bf1f582c8c923d7a4a9ad9957feb3e6b74e0d68fa3deca0ceb2973d69057d47b08f1875117d11e0119113e0482a6befeaf1279eedc0e5fa4b7559152e8490857caa4cc8d39dff5a1ae0d9c2a7e05a346e23075909e78d91cf0b90cf8fc681ab219e2b986b6edc9681f524ccde42ef60b04091814ae4d99d37d189853a84351bfe8a8f5e0&X-Goog-SignedHeaders=host
